danceability,duration_ms,energy,instrumentalness,key,liveness,loudness,mode,msPlayed,speechiness,tempo,time_signature,valence
0.7068750000000001,222065.05,0.6156375000000001,0.02983221225,5.3,0.20010624999999999,-7.3801875,0.5875,208732.5125,0.19834249999999998,118.30087499999999,4.0,0.5110737499999999
0.7554653465346538,199728.06435643564,0.6628366336633661,0.14113727811881194,5.425742574257426,0.20112524752475247,-6.285792079207917,0.5594059405940595,132485.3712871287,0.17769950495049508,122.72350495049494,3.98019801980198,0.5020425742574257
0.6326476190476191,226760.2,0.6530919047619047,0.09281815252380951,4.923809523809524,0.20798809523809522,-7.494666666666669,0.7285714285714285,221668.49047619046,0.1552842857142857,119.10188571428576,3.9714285714285715,0.5150957142857145
0.6249662921348317,297460.6853932584,0.5775280898876405,0.1841768230337079,5.393258426966292,0.22406179775280902,-9.6296404494382,0.5617977528089888,284869.4382022472,0.12221685393258429,122.24929213483152,3.9101123595505616,0.4738764044943817
0.7736449275362317,254836.57246376813,0.6435217391304345,0.27588414949275364,5.021739130434782,0.1539521739130434,-8.313340579710149,0.4855072463768116,246183.96376811594,0.18810579710144928,122.84260144927535,3.9927536231884058,0.4770891304347826
0.7387851239669424,223520.53719008266,0.7195206611570247,0.1711321549586777,5.1570247933884295,0.2186553719008265,-6.786462809917358,0.5041322314049587,218414.98347107437,0.18488925619834715,117.93196694214879,3.9917355371900825,0.5410859504132232
0.7838000000000003,204016.02666666667,0.6461866666666667,0.07778448426666666,5.293333333333333,0.1839146666666667,-6.723373333333333,0.6133333333333333,184013.33333333334,0.1894186666666667,121.06885333333337,4.026666666666666,0.5106253333333334
0.5116410256410256,248419.3076923077,0.7160923076923078,0.3024083092307692,5.243589743589744,0.22118589743589745,-8.421397435897434,0.782051282051282,242504.89743589744,0.07984102564102565,123.60396153846155,3.923076923076923,0.45286923076923075
0.8045,196802.66666666666,0.6405,0.037373391666666665,8.666666666666666,0.16,-6.894166666666667,0.5,196802.16666666666,0.17158333333333334,123.53316666666667,4.0,0.4895
0.7360535714285713,229920.30357142858,0.6676785714285716,0.2659198939285714,5.375,0.20045892857142858,-7.703875000000002,0.5535714285714286,192496.42857142858,0.13950892857142855,123.06644642857145,3.9464285714285716,0.4920107142857142
0.7527313432835822,238442.0671641791,0.7092238805970154,0.33124222694029853,5.231343283582089,0.18144328358208955,-6.975179104477611,0.5223880597014925,225028.99253731343,0.15212761194029853,120.84101492537314,3.985074626865672,0.4857843283582088
0.5917941176470587,226972.35294117648,0.6589411764705883,0.030902425294117655,4.720588235294118,0.24510735294117644,-7.378338235294117,0.5441176470588235,209761.9411764706,0.1890308823529412,129.83922058823526,3.9705882352941178,0.41131470588235275
0.6163333333333333,214521.75,0.7815,0.0005299749999999999,3.6666666666666665,0.20346666666666668,-5.472333333333334,0.8333333333333334,178890.83333333334,0.07808333333333332,123.39375000000001,4.0,0.5915
0.815,252915.5,0.72575,0.3232925,5.25,0.11215,-5.612500000000001,0.5,182222.0,0.071875,126.01325,4.0,0.27299999999999996
0.6543174603174604,190248.53968253967,0.7011111111111109,0.027056565079365078,6.0,0.33447460317460315,-7.582730158730159,0.5079365079365079,189796.6984126984,0.2908333333333332,112.91811111111113,3.984126984126984,0.5457634920634921
0.633,349113.0,0.946,0.207,4.0,0.0468,-5.619,0.0,69397.0,0.0391,124.006,4.0,0.583
0.7225882352941176,260502.79411764705,0.5841764705882353,0.25975631382352943,5.5588235294117645,0.1821117647058823,-9.103764705882352,0.47058823529411764,124497.88235294117,0.1642970588235294,118.66799999999999,3.9411764705882355,0.4763382352941176
0.7604833333333332,288312.6666666667,0.6699666666666665,0.4125170445,5.216666666666667,0.15330833333333332,-8.587366666666666,0.55,235051.2,0.16016833333333333,120.17798333333339,3.9833333333333334,0.47173833333333337
0.7281944444444441,241398.80555555556,0.6647870370370368,0.19201408564814806,5.425925925925926,0.17850555555555572,-7.365166666666669,0.4537037037037037,214696.30555555556,0.1517462962962963,118.22918518518522,4.0,0.46797500000000014
0.7093396226415095,220594.7358490566,0.5573773584905661,0.019281824528301884,5.056603773584905,0.21142264150943393,-7.43464150943396,0.5660377358490566,219643.6603773585,0.21313962264150949,118.33177358490568,3.981132075471698,0.5431018867924531
0.6592461538461537,326254.46153846156,0.5903230769230768,0.22352171507692306,5.507692307692308,0.2841338461538461,-8.913415384615385,0.676923076923077,310678.3230769231,0.12346461538461544,122.15581538461538,3.9692307692307693,0.5868923076923076
0.743,211133.5,0.6695,0.0,5.0,0.47300000000000003,-7.159,0.0,167487.0,0.203,114.548,4.0,0.634
0.7048,294839.4,0.8648,0.776,5.0,0.15082,-6.802000000000001,0.8,233435.0,0.07136,125.60119999999999,4.0,0.5533199999999999
0.7527499999999999,230281.91666666666,0.7315833333333334,0.35903253833333343,4.0,0.13555000000000003,-7.12075,0.75,201353.33333333334,0.10021666666666668,123.85066666666665,4.0,0.6410833333333333
0.70540625,219664.75,0.63575,0.32229374999999993,6.09375,0.14133750000000003,-7.890125,0.6875,169307.4375,0.08821249999999996,126.08725,3.90625,0.51631875
0.7460625000000002,190130.5,0.6629812499999999,0.08774160473214286,4.982142857142857,0.1720214285714286,-6.509428571428569,0.6785714285714286,186293.4375,0.2002455357142858,127.19090178571433,3.9464285714285716,0.5290223214285714
0.7610291970802923,220598.18248175184,0.7171970802919704,0.23604011948905107,5.255474452554744,0.18451240875912417,-6.764058394160585,0.5474452554744526,179431.3795620438,0.17252481751824822,126.40409489051093,4.0,0.5461204379562041
0.804,239950.0,0.884,0.904,11.0,0.16399999999999998,-6.388,0.0,181696.0,0.0912,122.008,4.0,0.794
0.787,192973.0,0.8290000000000001,0.693,8.0,0.115,-5.9110000000000005,1.0,32448.0,0.0852,147.94,4.0,0.8640000000000001
0.7426551724137932,232593.0344827586,0.8082758620689653,0.3411512527586207,5.551724137931035,0.16922241379310343,-4.629827586206895,0.6896551724137931,229508.1724137931,0.0818189655172414,126.9609137931035,4.0,0.44773965517241404
0.6238571428571429,288587.21428571426,0.6977142857142856,0.2946224435714285,4.357142857142857,0.29496428571428573,-9.591071428571428,0.6428571428571429,296421.28571428574,0.09903571428571427,126.28135714285715,4.0,0.5235714285714286
0.5573333333333333,335484.3333333333,0.7240000000000001,0.5973666666666667,9.0,0.2903,-10.211,1.0,233388.0,0.16523333333333334,128.9963333333333,4.0,0.5246666666666666
0.6393809523809524,221765.2380952381,0.7416190476190476,0.08475038571428571,4.571428571428571,0.2913619047619048,-5.838047619047619,0.7619047619047619,124421.04761904762,0.07191904761904763,129.41552380952385,4.0,0.47971428571428565
0.5991578947368421,256469.05263157896,0.5889473684210527,0.3435845721052631,5.052631578947368,0.17957894736842106,-9.576052631578946,0.5263157894736842,170713.2105263158,0.15327368421052634,122.55526315789473,4.0,0.5217631578947368
0.5212702702702702,305279.7027027027,0.32858648648648653,0.47594835378378375,5.54054054054054,0.15496756756756755,-13.821081081081081,0.5405405405405406,300286.5135135135,0.06208378378378379,117.31108108108106,3.7837837837837838,0.38175675675675674
0.6314761904761906,217230.46031746033,0.65345873015873,0.15769187523809527,5.349206349206349,0.17116349206349213,-7.380984126984128,0.6190476190476191,186624.9841269841,0.14470793650793648,125.40698412698414,3.857142857142857,0.45408253968253975
0.5647000000000001,354788.05,0.4697,0.47673771499999995,4.55,0.16862,-12.747499999999999,0.5,341159.95,0.05644000000000001,125.73025,3.7,0.47075000000000006
0.6138666666666668,280305.8,0.5655333333333332,0.5789478533333333,4.2,0.1759066666666667,-9.615933333333334,0.5333333333333333,268601.26666666666,0.11529999999999999,113.79299999999999,3.933333333333333,0.5811666666666666
0.7735714285714286,222197.65476190476,0.6232857142857144,0.12760759559523807,5.071428571428571,0.1859321428571429,-7.320095238095237,0.5,207319.82142857142,0.18614404761904763,121.93241666666667,4.011904761904762,0.5431785714285718
0.6729999999999999,94709.0,0.0768,0.905,2.0,0.109,-16.745,0.0,97810.0,0.0451,135.205,3.0,0.298
0.664,296096.0,0.631,0.000121,1.0,0.076,-8.738,1.0,7189.0,0.133,123.542,4.0,0.792
0.6302000000000001,210729.95,0.8167,0.24164894750000002,5.1,0.292025,-6.683400000000001,0.55,194512.6,0.06466,125.8964,3.95,0.43395
0.6457142857142858,258982.62857142856,0.7391428571428571,0.35289845514285717,6.0,0.21499142857142856,-6.938085714285714,0.6571428571428571,210810.48571428572,0.058754285714285724,125.85205714285718,4.0,0.5302057142857143
0.7698888888888888,221554.77777777778,0.9059444444444443,0.5729818333333333,5.333333333333333,0.25113888888888886,-5.660555555555555,0.8333333333333334,207864.61111111112,0.07834444444444444,124.834,4.0,0.5685611111111112
0.790276315789474,210960.3947368421,0.6498289473684209,0.0969726164473684,5.5131578947368425,0.17712105263157898,-6.299486842105264,0.5,144442.97368421053,0.17965789473684213,125.60307894736846,3.986842105263158,0.47473026315789457
0.643032258064516,237406.48387096773,0.6470967741935485,0.12862916774193547,4.064516129032258,0.19727741935483875,-8.006290322580645,0.6129032258064516,207482.5806451613,0.12580322580645162,122.95441935483872,3.838709677419355,0.4959870967741936
0.5965,242798.0,0.829,0.000191,7.0,0.21400000000000002,-5.376,0.0,106666.5,0.05085,114.52950000000001,4.0,0.7235
0.689125,259902.875,0.6467499999999999,0.12623175,7.0,0.25775,-6.302874999999999,0.25,57947.625,0.051212499999999994,127.374625,4.0,0.493
0.7756666666666667,226369.0606060606,0.8446666666666666,0.4555495630303031,5.242424242424242,0.16184848484848485,-6.310060606060605,0.5151515151515151,224753.57575757575,0.07670303030303029,124.55345454545454,4.0,0.5751242424242423
0.7635909090909089,229539.04545454544,0.8802727272727271,0.47992295454545464,4.568181818181818,0.1724295454545455,-5.886431818181819,0.5909090909090909,222689.95454545456,0.08351136363636363,124.68427272727268,4.0,0.5415659090909092
0.7922682926829268,203832.21951219512,0.6821219512195122,0.1645741195121951,5.146341463414634,0.19796097560975606,-6.351219512195123,0.6585365853658537,183387.19512195123,0.18342195121951224,131.07895121951216,4.0,0.526380487804878
0.77075,165524.08333333334,0.5870000000000001,8.23025e-05,5.416666666666667,0.15303333333333335,-6.4511666666666665,0.6666666666666666,124036.5,0.2747416666666666,129.32241666666664,4.0,0.4254166666666667
0.7559795918367347,215805.306122449,0.7515306122448979,0.12453346673469388,5.755102040816326,0.1943673469387755,-5.798877551020406,0.6122448979591837,134922.1224489796,0.15793265306122453,126.16824489795916,3.979591836734694,0.5125183673469388
0.6325000000000002,221166.16666666666,0.4751666666666667,5.37e-06,2.6666666666666665,0.20414999999999997,-7.649333333333332,0.16666666666666666,207017.16666666666,0.29613333333333336,105.11633333333334,4.0,0.41795
0.7384953271028041,325024.3551401869,0.7126915887850466,0.5399578770093458,5.803738317757009,0.1576411214953272,-9.637953271028037,0.4953271028037383,95347.7476635514,0.11147757009345792,124.98896261682238,3.9813084112149535,0.4840448598130839
0.7708039215686276,212811.18954248365,0.6899084967320261,0.12676280954248362,4.875816993464053,0.19965424836601314,-6.504202614379084,0.6339869281045751,22654.019607843136,0.1602588235294117,122.35009803921562,3.9934640522875817,0.5456130718954249
0.7820344827586206,237595.0344827586,0.7343793103448275,0.3451957537931034,5.379310344827586,0.1848034482758621,-7.2190344827586195,0.7241379310344828,142538.27586206896,0.10882068965517246,119.64320689655173,3.9655172413793105,0.5726241379310346
0.7376216216216214,225565.48648648648,0.8260540540540542,0.35617520702702704,6.54054054054054,0.19800270270270268,-5.722054054054053,0.6756756756756757,214585.35135135136,0.12309189189189187,129.17986486486484,4.0,0.6425243243243242
0.7702780748663107,214604.2834224599,0.7618823529411766,0.18968735096256692,5.192513368983957,0.1850256684491979,-5.729229946524064,0.6149732620320856,202665.44919786096,0.1408877005347593,121.93134759358288,4.005347593582887,0.5408807486631017
0.7443152173913049,266978.9347826087,0.6455543478260871,0.31349580054347825,4.684782608695652,0.16904673913043486,-8.174771739130433,0.532608695652174,248270.46739130435,0.15661413043478262,117.55856521739132,3.989130434782609,0.4604358695652174
0.7397037037037038,226411.25925925927,0.7034444444444444,0.2260352962962962,4.407407407407407,0.14922592592592596,-6.68662962962963,0.6296296296296297,189845.22222222222,0.15302222222222225,130.07448148148148,4.074074074074074,0.5163074074074074
0.6971475409836067,240991.0655737705,0.5932429508196722,0.21845370573770492,6.081967213114754,0.16729344262295082,-8.374557377049182,0.39344262295081966,204718.70491803277,0.11986721311475411,120.79860655737703,3.9508196721311477,0.5181934426229506
0.7132116788321171,229423.09489051095,0.7012481751824818,0.137440077810219,5.255474452554744,0.19608321167883205,-6.341744525547445,0.6058394160583942,34625.459854014596,0.1665321167883212,124.68857664233582,3.9708029197080292,0.5074043795620439
0.7235,431383.0,0.786,0.8674999999999999,7.5,0.1247,-8.9675,0.0,7016.0,0.0351,131.339,3.5,0.48850000000000005
0.76,248036.0,0.964,0.703,2.0,0.0975,-5.8439999999999985,1.0,30557.0,0.0577,125.003,4.0,0.643
0.8031030927835052,209025.12371134022,0.7838247422680418,0.2647417805154639,4.268041237113402,0.17153402061855677,-5.918257731958764,0.6701030927835051,89265.55670103093,0.15206082474226798,125.73604123711338,4.0,0.5831855670103092
0.6446867469879517,221576.2891566265,0.7094819277108432,0.10002800915662655,5.216867469879518,0.19221084337349398,-6.494614457831324,0.7108433734939759,163993.3373493976,0.1097421686746989,122.5041807228916,3.9759036144578315,0.5819036144578313
0.7269,207102.0,0.65915,0.19121853750000004,4.35,0.22707000000000005,-7.393249999999999,0.45,175489.85,0.20201999999999995,120.31155000000001,4.0,0.49314
0.5431111111111111,266238.81481481483,0.6284814814814815,0.12585245777777782,4.555555555555555,0.14745925925925926,-7.69774074074074,0.7407407407407407,215227.59259259258,0.1306259259259259,125.62692592592592,3.6296296296296298,0.4026962962962962
0.466,303600.0,0.41200000000000003,0.00146,4.5,0.1325,-9.2675,0.5,62345.5,0.03535,136.70349999999996,3.5,0.17895
0.806375,302984.875,0.7292500000000001,0.45746950000000003,4.25,0.21975,-7.256125,0.625,64858.375,0.114025,126.036,4.0,0.546875
0.8397333333333333,225086.13333333333,0.7826000000000001,0.14509817666666666,4.733333333333333,0.18834,-5.699466666666667,0.6,192515.4,0.16822666666666666,123.52033333333334,4.0,0.5466333333333334
0.7144615384615385,239683.53846153847,0.6411282051282051,0.2115296146153846,5.564102564102564,0.18709230769230767,-7.257102564102565,0.48717948717948717,150167.05128205128,0.13404102564102563,121.31066666666665,3.948717948717949,0.4609076923076924
0.73925,155288.5,0.6139999999999999,0.1152574625,6.5,0.3119875,-5.731125,0.375,23747.25,0.1138625,118.33625,4.0,0.47674999999999995
0.7759193548387097,199907.7258064516,0.6539032258064515,0.05231644064516129,5.290322580645161,0.194466129032258,-6.5536129032258055,0.6774193548387096,177010.43548387097,0.250958064516129,126.64909677419354,3.967741935483871,0.516266129032258
0.7605531914893617,222024.10638297873,0.6502340425531914,0.18104459574468085,4.553191489361702,0.19117446808510635,-7.376021276595745,0.574468085106383,194476.63829787233,0.13890638297872343,123.84538297872336,3.978723404255319,0.5181063829787234
0.7537962962962965,223133.27777777778,0.6439999999999999,0.14342181833333334,5.444444444444445,0.22766481481481485,-7.612,0.4074074074074074,189812.6851851852,0.19412777777777782,119.61477777777782,3.9814814814814814,0.5167777777777774
0.6824520547945208,212795.98630136985,0.6606027397260271,0.2595451317808221,4.821917808219178,0.18758904109589042,-7.313356164383563,0.6438356164383562,137230.12328767125,0.1290219178082192,117.21278082191778,3.9452054794520546,0.5200520547945205
0.6595000000000002,209891.54166666666,0.6344791666666668,0.16336457916666666,4.625,0.18401875000000004,-8.169125000000001,0.8125,172926.125,0.11001458333333335,119.05214583333333,3.9375,0.5452604166666667
0.6868717948717948,234428.46153846153,0.6672794871794872,0.3448531333333334,5.794871794871795,0.20286666666666667,-8.05774358974359,0.7435897435897436,155455.15384615384,0.14564615384615384,131.09792307692305,3.8205128205128207,0.4139769230769231
0.6983181818181821,205293.24545454545,0.7333454545454543,0.20473127281818182,5.236363636363636,0.20361363636363636,-6.1494727272727285,0.5727272727272728,164806.6181818182,0.11005090909090909,124.9037636363636,3.890909090909091,0.48676363636363645
0.6321406249999999,232208.1015625,0.7013437499999997,0.2986240410156249,4.984375,0.20574531250000014,-7.134890625000002,0.671875,189091.671875,0.09998749999999999,122.01899218749996,3.9296875,0.5577882812499997
0.6938000000000002,291821.02857142856,0.7699142857142854,0.3905676357142857,5.628571428571429,0.20552714285714282,-6.9796000000000005,0.5571428571428572,160599.27142857143,0.0962,127.1229714285714,3.942857142857143,0.46558142857142865
0.6588263157894734,257368.4947368421,0.7058105263157896,0.5254144618947371,5.315789473684211,0.1748973684210527,-7.846510526315787,0.49473684210526314,211194.14210526316,0.10318684210526313,121.12397894736837,3.9473684210526314,0.47098368421052644
0.6503357142857146,215133.67142857143,0.6231500000000002,0.3668530138571426,5.4714285714285715,0.20590071428571424,-8.675349999999998,0.5285714285714286,161311.77142857143,0.14482785714285729,122.65426428571432,3.95,0.4512421428571429
0.6477592592592595,229017.2962962963,0.7265,0.2281471220987655,5.314814814814815,0.18966790123456795,-7.182709876543212,0.654320987654321,206081.06790123458,0.09675679012345684,120.51773456790119,3.9691358024691357,0.5592265432098767
0.742325581395349,342927.6046511628,0.7466976744186046,0.6414160720930234,5.6976744186046515,0.1561860465116279,-8.521488372093025,0.6046511627906976,309118.32558139536,0.08091627906976745,122.89379069767442,4.0,0.3564372093023256
0.7288529411764706,223502.79411764705,0.5843235294117647,0.15814816999999998,4.470588235294118,0.20095882352941177,-7.712823529411766,0.6764705882352942,156194.5294117647,0.1470147058823529,115.37752941176468,4.0,0.46609705882352936
0.7139862385321099,223079.3853211009,0.7243509174311932,0.2625872884862387,5.215596330275229,0.17382155963302756,-6.732385321100916,0.5,218292.0275229358,0.11388165137614682,119.55790366972471,3.9724770642201834,0.5277022935779816
0.7050989010989012,203912.6923076923,0.5775714285714285,0.19891781659340657,5.087912087912088,0.1569604395604396,-7.98989010989011,0.5604395604395604,192361.73626373627,0.16891098901098905,113.30197802197802,3.978021978021978,0.4730076923076921
0.5911818181818181,121862.09090909091,0.28043636363636365,0.8590909090909092,2.5454545454545454,0.1976454545454545,-16.955454545454543,0.9090909090909091,121861.63636363637,0.03925454545454546,140.015,3.727272727272727,0.3062727272727273
0.728719512195122,226910.10975609755,0.8302195121951218,0.20728237329268284,4.817073170731708,0.22444146341463408,-4.767695121951219,0.5975609756097561,222029.79268292684,0.14563048780487792,124.48964634146338,3.951219512195122,0.394318292682927
0.5958833333333331,246676.79166666666,0.6314083333333339,0.2066092711666666,6.0,0.20980750000000004,-8.873266666666668,0.675,238070.55833333332,0.11010916666666662,118.80785833333341,3.966666666666667,0.48580666666666655
0.730182692307692,220692.91346153847,0.7441730769230767,0.24127709249999998,5.3076923076923075,0.1935240384615384,-6.347846153846151,0.4326923076923077,214260.4326923077,0.15151538461538455,119.29454807692306,3.9711538461538463,0.530868269230769
0.6066936936936937,236360.3063063063,0.7737783783783779,0.23162699153153157,4.5675675675675675,0.22273693693693697,-6.744666666666665,0.7207207207207207,211564.84684684683,0.09401171171171167,125.7981531531532,3.918918918918919,0.49161801801801797
0.6012758620689653,223313.83620689655,0.6577534482758624,0.2988479435344828,4.9655172413793105,0.21496034482758627,-8.142500000000002,0.6120689655172413,198789.94827586206,0.0797439655172414,117.94350862068968,3.939655172413793,0.4735405172413795
0.7067411764705885,212794.88235294117,0.6987764705882356,0.2098852607647059,5.411764705882353,0.21059941176470595,-6.956617647058824,0.5941176470588235,208544.21764705883,0.16017705882352942,121.23413529411762,3.9823529411764707,0.5149158823529411
0.641092511013216,195377.4757709251,0.6875462555066079,0.039388891541850206,5.387665198237886,0.3009422907488987,-7.762651982378849,0.5154185022026432,181825.95594713656,0.27443832599118945,99.07359911894268,3.94273127753304,0.5607916299559474
0.6960202020202022,197358.85858585857,0.6684242424242424,0.0308307294949495,5.212121212121212,0.27827878787878796,-7.240979797979801,0.6060606060606061,194741.9595959596,0.2571939393939395,130.5461717171718,3.95959595959596,0.48548383838383846
0.7817236842105264,233754.30263157896,0.8327631578947366,0.46792236842105267,4.75,0.1603657894736842,-6.082578947368421,0.5921052631578947,232619.26315789475,0.07637105263157895,124.6788947368421,3.960526315789474,0.531267105263158
0.6761323529411767,236122.75,0.7898823529411764,0.29698132000000005,4.955882352941177,0.18503676470588246,-6.62126470588235,0.5588235294117647,211036.85294117648,0.06822647058823528,123.99164705882355,3.9558823529411766,0.5243676470588233
0.6983909774436092,291013.4812030075,0.819375939849624,0.5303009218045113,5.172932330827067,0.17276616541353396,-6.8696315789473665,0.5714285714285714,280349.5789473684,0.08285413533834583,126.71018796992487,3.962406015037594,0.4145466165413534
0.6797957746478874,225705.3028169014,0.6235063380281689,0.21852192626760564,5.387323943661972,0.17622605633802818,-8.483936619718314,0.4859154929577465,218333.60563380283,0.20657464788732385,122.66992957746474,4.084507042253521,0.4098197183098592
0.6590299401197605,211081.70658682636,0.6249520958083836,0.27859912149700605,5.209580838323354,0.17649161676646719,-8.2897125748503,0.5868263473053892,204006.10778443114,0.11679820359281436,113.11614371257485,3.940119760479042,0.5290245508982037
0.7468837209302327,160437.72093023255,0.52746511627907,0.1662457334883721,5.325581395348837,0.1558139534883721,-9.3486511627907,0.5348837209302325,123061.86046511628,0.24743953488372095,131.09606976744186,4.0,0.49477674418604656
0.6562585034013608,216633.5306122449,0.6327142857142857,0.1681036844897959,5.190476190476191,0.1792816326530613,-7.5603673469387775,0.6870748299319728,131745.40136054423,0.10276870748299317,116.63251700680271,3.9591836734693877,0.5038659863945577
0.7417361111111114,200232.30555555556,0.6506597222222223,0.44299169652777765,5.694444444444445,0.2019520833333333,-7.742340277777771,0.5763888888888888,196245.52777777778,0.11434097222222223,107.97200694444442,3.9583333333333335,0.534015972222222
0.7174456521739133,240025.55434782608,0.6365706521739132,0.46484977739130423,5.717391304347826,0.1687152173913043,-7.837260869565212,0.5271739130434783,232381.61413043478,0.1090603260869565,112.39902173913042,4.010869565217392,0.5450706521739135
0.6366372549019609,271387.5882352941,0.7135068627450977,0.2845349396078431,5.715686274509804,0.22095882352941176,-7.586382352941177,0.5490196078431373,264479.362745098,0.09654803921568625,121.45153921568627,3.950980392156863,0.44724215686274504
0.6762592592592594,226730.03703703705,0.7533981481481482,0.2822809004629629,5.101851851851852,0.20134444444444455,-6.604472222222224,0.5648148148148148,220251.77777777778,0.11342962962962962,125.2637314814815,3.9814814814814814,0.5000870370370368
0.6079894179894179,248278.54497354498,0.7141322751322752,0.3310399657142859,4.947089947089947,0.18305291005291005,-7.90715343915344,0.5608465608465608,243836.91534391535,0.08906560846560843,122.27095767195767,3.9682539682539684,0.46641375661375656
0.5184752475247526,223775.37623762377,0.6815742574257424,0.10972541900990104,5.237623762376238,0.21078811881188134,-7.37970297029703,0.7821782178217822,215973.25742574257,0.06299801980198019,121.48855445544554,3.98019801980198,0.48018019801980183
0.7108798521256933,216122.48983364142,0.7474879852125695,0.1262919293715343,5.44177449168207,0.2075258780036968,-5.647112754158969,0.5767097966728281,33332.46025878004,0.14416118299445485,125.9184325323474,3.981515711645102,0.4843329020332717
0.7303819444444446,218118.5625,0.7053888888888891,0.08842822874999999,5.125,0.1984923611111111,-5.83098611111111,0.6319444444444444,118961.90972222222,0.17936736111111118,123.95099305555557,4.0,0.5394500000000003
0.7136764705882356,213013.91911764705,0.6712132352941176,0.11730360779411766,5.132352941176471,0.19926176470588244,-6.657389705882356,0.6397058823529411,172205.92647058822,0.14610220588235293,120.41111029411765,3.9411764705882355,0.46644779411764714
0.6893232323232324,223188.51515151514,0.5794242424242422,0.08478266696969695,5.222222222222222,0.18479494949494948,-7.580282828282829,0.48484848484848486,140243.27272727274,0.1739696969696969,116.47444444444446,3.9393939393939394,0.5067262626262627
0.7269384615384621,235509.86153846153,0.698323076923077,0.14452480538461543,5.392307692307693,0.1931353846153846,-6.966538461538462,0.5153846153846153,232798.1846153846,0.19287307692307695,113.65722307692312,3.9307692307692306,0.46071538461538464
0.7198095238095238,204335.66666666666,0.7517142857142858,0.16793495523809523,6.523809523809524,0.14880952380952384,-5.341523809523809,0.47619047619047616,136737.90476190476,0.10705714285714286,126.27257142857141,4.0,0.4822285714285715
0.7644653465346539,222653.91089108912,0.7163168316831682,0.04200565999999999,5.227722772277228,0.16991683168316832,-5.689029702970297,0.5841584158415841,184684.18811881187,0.17095643564356436,125.43095049504952,3.9702970297029703,0.5510346534653464
0.6813770491803286,232332.87704918033,0.7146897540983603,0.15027527450819672,5.684426229508197,0.1788889344262295,-6.499590163934424,0.45491803278688525,218200.3319672131,0.10894549180327862,121.78868442622958,3.9754098360655736,0.45084098360655733
0.711456790123457,242183.64197530865,0.7052592592592593,0.1572728104938272,5.222222222222222,0.17750123456790132,-6.207691358024692,0.43209876543209874,231049.04938271604,0.09818395061728394,122.49976543209874,3.962962962962963,0.5014641975308639
0.5733170731707317,263153.15853658534,0.5467664634146343,0.3159808612195123,4.841463414634147,0.18280853658536586,-10.344987804878052,0.6219512195121951,259565.0,0.09655731707317074,113.04550000000005,3.8048780487804876,0.3825317073170733
0.6642600896860992,247605.66367713004,0.725295964125561,0.2443507934529148,5.2690582959641254,0.20240269058295973,-7.020479820627809,0.5739910313901345,234437.04484304934,0.08762869955156954,120.94406278026904,3.937219730941704,0.4700139013452914
0.6728806451612903,224322.082437276,0.6510129032258065,0.281250791111111,5.265232974910394,0.19127526881720422,-7.8359068100358416,0.6021505376344086,93209.86021505376,0.11803691756272404,119.05265949820797,3.913978494623656,0.4702333333333335
0.7616443298969074,228734.2525773196,0.6390051546391753,0.16291111876288664,4.737113402061856,0.18916958762886596,-7.623876288659793,0.5103092783505154,220382.3298969072,0.1801453608247424,119.55192268041236,3.984536082474227,0.4838525773195876
0.7569296875,228382.59375,0.7351015624999998,0.198742495078125,5.8671875,0.18801406249999997,-6.146937499999997,0.5234375,227205.5234375,0.13307187500000003,121.96372656249997,4.0,0.5123390625
0.6467105263157894,200778.72807017545,0.695140350877193,0.023774034473684216,5.06140350877193,0.304171052631579,-7.339359649122807,0.5701754385964912,195663.81578947368,0.26448245614035093,115.52086842105263,3.982456140350877,0.5228868421052631
0.63085,207638.75,0.6345500000000001,0.09801915,3.5,0.165005,-7.6217500000000005,0.5,119255.35,0.18046999999999996,129.78764999999999,4.0,0.403685
0.731128078817734,210958.00492610838,0.6710049261083741,0.0521232083743842,5.320197044334975,0.20640591133004915,-6.308310344827585,0.6354679802955665,208842.16256157635,0.185343842364532,121.063,3.9901477832512313,0.5037507389162559
0.6941556420233468,225310.27626459143,0.6845330739299607,0.08219175478599226,5.007782101167315,0.19262723735408557,-6.830945525291835,0.603112840466926,222168.0233463035,0.1576964980544747,119.60575097276259,3.9494163424124515,0.538056420233463
0.6712659574468087,254244.42021276595,0.6993457446808508,0.30237093590425534,4.898936170212766,0.18944414893617004,-7.433234042553192,0.5638297872340425,245546.86170212767,0.12122978723404267,119.59500000000003,3.984042553191489,0.47834414893617017
0.7160952380952382,290347.5238095238,0.7421428571428572,0.2412073999999999,4.0476190476190474,0.19682380952380948,-7.232047619047617,0.7142857142857143,232752.52380952382,0.08838095238095238,119.12490476190479,3.9047619047619047,0.5017904761904761
0.789,263655.0,0.6099166666666668,0.21438458333333335,3.9166666666666665,0.10271666666666668,-9.561333333333334,0.6666666666666666,164807.91666666666,0.17725000000000002,113.80900000000001,4.0,0.48124999999999996
0.7113750000000004,225627.45833333334,0.7042343750000003,0.16924909593750012,5.432291666666667,0.2205026041666667,-6.900479166666671,0.578125,213157.59375,0.17189114583333334,119.52253645833338,3.9791666666666665,0.5134786458333335
0.7640242718446599,228918.0,0.679121359223301,0.18399990553398068,5.432038834951456,0.19917621359223303,-7.014529126213593,0.5388349514563107,222896.1796116505,0.1585252427184466,120.25831067961161,3.9902912621359223,0.5008970873786407
0.6443932038834951,225824.2427184466,0.6720310679611655,0.19528532572815527,4.995145631067961,0.17520485436893202,-7.885063106796124,0.6796116504854369,223935.94660194175,0.09940194174757279,120.92250485436895,3.9563106796116503,0.5544441747572819
0.6340571428571432,205015.1,0.699757142857143,0.06286617271428571,5.185714285714286,0.25868571428571435,-6.9668142857142845,0.6,176276.65714285715,0.22364142857142863,119.4284,3.914285714285714,0.5133957142857145
0.6238041237113401,206880.7319587629,0.6804432989690722,0.036075884123711335,5.123711340206185,0.2837742268041238,-7.72573195876289,0.7731958762886598,142579.6494845361,0.25898556701030934,109.3164226804124,3.8762886597938144,0.5450876288659794
0.7368048780487806,239357.9512195122,0.6723414634146341,0.2695621314634146,4.682926829268292,0.13852195121951222,-7.163780487804877,0.4634146341463415,192236.26829268291,0.16623658536585367,114.98153658536586,3.8780487804878048,0.43820000000000003
0.7470985915492957,209417.01408450704,0.7004929577464787,0.0813748243661972,4.732394366197183,0.17494225352112672,-5.747169014084509,0.5774647887323944,203911.2676056338,0.17746478873239446,130.42167605633801,3.9577464788732395,0.5079788732394366
0.7578947368421052,218781.22807017545,0.7261052631578946,0.10637993894736841,5.017543859649122,0.1863824561403509,-5.80182456140351,0.6491228070175439,199765.22807017545,0.15942456140350872,127.64447368421054,3.9473684210526314,0.5524578947368419
0.7160454545454547,230703.4090909091,0.7027727272727273,0.2842730181818181,5.318181818181818,0.15853181818181816,-5.693954545454546,0.7272727272727273,93015.86363636363,0.21196818181818192,113.29013636363635,3.9545454545454546,0.4568181818181817
0.7412982456140351,214956.31578947368,0.6555087719298245,0.1434786542105263,5.964912280701754,0.1890473684210526,-7.100701754385966,0.45614035087719296,158182.2105263158,0.1672543859649122,125.8024912280702,4.017543859649122,0.5195
0.6742499999999999,231523.16666666666,0.7407916666666666,0.17859609875000002,5.541666666666667,0.2710875,-5.4665,0.4583333333333333,157880.08333333334,0.15009583333333332,123.31454166666664,4.0,0.4643083333333334
0.7645,303473.0,0.8134999999999999,0.6425,4.0,0.12084999999999999,-8.652999999999999,1.0,303473.0,0.1095,137.5015,4.0,0.1875
0.6673333333333334,229626.66666666666,0.5956666666666667,0.0035989249999999998,4.833333333333333,0.2533,-7.269666666666666,0.8333333333333334,153070.66666666666,0.25323333333333337,145.92333333333335,4.0,0.5705
0.7280933333333335,216574.37333333332,0.7392066666666663,0.12373412100000006,4.64,0.19721600000000003,-5.625646666666664,0.5733333333333334,13000.686666666666,0.11488000000000002,122.53648000000001,4.0,0.5208540000000003
0.76,248036.0,0.964,0.703,2.0,0.0975,-5.8439999999999985,1.0,22421.0,0.0577,125.003,4.0,0.643
0.836,208405.75,0.608,0.19574999999999998,3.75,0.161175,-6.508,1.0,115630.25,0.1699,124.73925,4.0,0.38899999999999996
0.7510078740157478,227638.74015748032,0.8221023622047247,0.38815377795275596,5.165354330708661,0.1695472440944882,-5.522551181102363,0.5984251968503937,111489.62992125984,0.10330157480314953,125.6585748031496,3.968503937007874,0.5181125984251969
0.7532857142857143,223174.5357142857,0.7974642857142858,0.31549842357142854,3.107142857142857,0.16791071428571433,-5.0960714285714275,0.7857142857142857,190959.57142857142,0.13690714285714284,129.49232142857144,4.0,0.5555000000000001
0.7170000000000001,250579.2105263158,0.7759473684210527,0.41657962263157905,5.184210526315789,0.16395263157894738,-6.760499999999999,0.6052631578947368,60137.15789473684,0.10793421052631576,128.79226315789475,4.026315789473684,0.42156315789473686
0.5403,225504.9,0.6562,0.37638451,4.9,0.15790000000000004,-9.325700000000001,0.7,45196.9,0.08382,119.71880000000002,3.9,0.5518
0.7697187500000001,240175.03125,0.7754375000000001,0.28177596250000003,4.5,0.13277812500000002,-5.179718749999998,0.6875,225941.5,0.18225312499999993,122.10512499999997,4.0,0.5399687500000001
0.7646666666666667,186341.83333333334,0.7558333333333334,1.8666666666666665e-05,6.666666666666667,0.20528333333333337,-6.144666666666667,0.3333333333333333,28261.0,0.17923333333333336,107.9735,4.0,0.6333333333333334
0.7461929824561405,237892.2105263158,0.6394210526315791,0.2158771007017544,5.2631578947368425,0.16780701754385963,-7.512842105263157,0.5087719298245614,209580.87719298244,0.12774912280701758,118.61173684210526,3.9473684210526314,0.49467894736842116
0.7008695652173912,210615.60869565216,0.6845217391304347,0.2508113326086957,4.739130434782608,0.2052391304347826,-6.417782608695651,0.782608695652174,183909.73913043478,0.10725652173913043,121.75730434782609,4.043478260869565,0.4404347826086956
0.7326323529411768,208006.89705882352,0.645470588235294,0.1599442751470588,4.794117647058823,0.20683235294117644,-6.707161764705883,0.5588235294117647,185204.38235294117,0.13365294117647059,119.01138235294115,4.0,0.4815735294117647
0.7643278688524591,232621.2213114754,0.772631147540984,0.2533768848360655,5.885245901639344,0.19229672131147532,-6.385573770491805,0.5491803278688525,207504.12295081967,0.13335655737704916,126.43056557377048,4.008196721311475,0.5184229508196724
0.7353652173913046,242640.3652173913,0.7738869565217388,0.2905974123478262,5.452173913043478,0.17426608695652174,-6.440104347826083,0.6,207696.0695652174,0.10490869565217387,125.96389565217385,3.991304347826087,0.46856173913043486
0.7350243902439023,212984.58536585365,0.653439024390244,0.06842806707317073,6.0,0.21465365853658538,-6.186926829268293,0.6341463414634146,186577.9756097561,0.19299268292682925,124.90163414634148,3.926829268292683,0.47309756097560973
0.7433125000000002,233713.3125,0.6758593749999999,0.15780314671875,5.1875,0.16613125,-6.409265625000001,0.640625,216778.703125,0.17535000000000003,124.67224999999999,4.0,0.46289687500000004
0.6205535714285714,225624.76785714287,0.7716964285714284,0.3845537705357144,5.946428571428571,0.20594464285714278,-6.425410714285712,0.625,215751.39285714287,0.0821928571428571,117.82382142857145,4.0,0.5523857142857144
0.6614968944099383,217420.0248447205,0.7666397515527948,0.08150742956521738,5.204968944099379,0.23008944099378867,-5.971155279503105,0.6149068322981367,210221.7453416149,0.1446267080745342,122.57049068322988,3.9751552795031055,0.5626745341614907
0.7506451612903227,228524.43548387097,0.6677419354838708,0.12198978758064516,4.790322580645161,0.19819354838709677,-7.112596774193549,0.6290322580645161,191637.98387096773,0.18119032258064516,119.96096774193549,4.016129032258065,0.5546935483870967
0.7486129032258064,208487.64516129033,0.7534838709677418,0.23747556,4.258064516129032,0.22573870967741935,-6.086935483870968,0.5161290322580645,109221.16129032258,0.13531935483870966,120.0196129032258,3.967741935483871,0.5033258064516128
0.736126984126984,326879.79365079367,0.7633968253968254,0.5464463961904762,5.428571428571429,0.1358206349206349,-7.743968253968254,0.5714285714285714,302978.9365079365,0.09301428571428574,122.19725396825397,4.031746031746032,0.4456206349206349
0.6431818181818182,205912.36363636365,0.6896363636363636,0.48390909090909084,4.545454545454546,0.1217090909090909,-6.171181818181818,0.7272727272727273,51962.63636363636,0.14491818181818183,108.14709090909092,4.0,0.47607272727272726
0.8,316847.0,0.75,0.6998339999999998,5.25,0.11483750000000001,-9.921999999999999,0.625,271470.625,0.07215,129.745,4.0,0.5715
0.7575161290322582,282066.1451612903,0.7444193548387096,0.40013068983870986,5.258064516129032,0.1963548387096774,-6.966935483870965,0.6129032258064516,274267.87096774194,0.1308887096774194,125.37925806451615,3.9838709677419355,0.46158709677419363
0.6735964912280703,296023.36842105264,0.7256666666666667,0.6745149333333332,5.508771929824562,0.1633140350877193,-8.503087719298245,0.543859649122807,276517.2105263158,0.06891578947368424,122.13363157894737,3.8947368421052633,0.3251298245614035
0.6697499999999998,260702.83,0.6344500000000002,0.2335478081000001,5.38,0.18339899999999998,-8.295600000000004,0.57,197368.67,0.109342,115.77690999999993,3.81,0.4321310000000001
0.5425555555555556,196766.11111111112,0.8694444444444445,0.021563666666666672,6.222222222222222,0.19246666666666667,-4.262333333333333,0.4444444444444444,165291.11111111112,0.29200000000000004,117.03555555555555,4.0,0.42988888888888893
0.7733253012048196,237771.53012048194,0.6620240963855422,0.19313088361445785,5.36144578313253,0.1899686746987952,-6.984313253012051,0.4939759036144578,229544.01204819276,0.14745180722891568,117.61542168674698,3.9879518072289155,0.5054626506024097
0.6921739130434782,222909.26086956522,0.6921739130434782,0.22812989521739133,4.739130434782608,0.1463391304347826,-6.487260869565217,0.6956521739130435,189360.78260869565,0.1198913043478261,119.25156521739127,3.9565217391304346,0.5541304347826088
0.467,209187.0,0.794,0.00204,1.0,0.103,-6.174,0.0,139994.0,0.0349,162.435,4.0,0.589
0.7720526315789473,236584.1052631579,0.7173684210526314,0.4175929052631579,3.789473684210526,0.15953684210526317,-6.361736842105263,0.47368421052631576,226340.47368421053,0.11182105263157895,124.5633157894737,3.9473684210526314,0.4212368421052631
0.7626000000000001,238287.1,0.7094000000000001,0.239073718,3.6,0.11286,-7.731399999999999,0.8,148329.6,0.15262,128.2236,3.9,0.43170000000000003
0.6883999999999999,223496.8,0.7930499999999999,0.096412315,6.5,0.219735,-5.069699999999999,0.5,169713.05,0.15614999999999998,123.87610000000002,4.0,0.51055
0.717,220240.1,0.7077,0.085763966,5.5,0.17634000000000002,-6.767,0.5,208888.0,0.12993,118.19770000000001,4.0,0.44220000000000004
0.7466727272727273,226073.8909090909,0.6750727272727274,0.18379755909090909,4.945454545454545,0.17216181818181822,-6.672072727272724,0.7272727272727273,210359.72727272726,0.10717818181818183,118.57754545454546,3.981818181818182,0.4921236363636364
0.62425,240203.5,0.77575,0.2037588,2.0,0.1599,-6.9135,0.5,146904.75,0.20650000000000002,117.72149999999999,4.0,0.40865
0.7233999999999999,223257.8,0.6157333333333334,0.32228992533333334,3.8666666666666667,0.18406,-8.022866666666665,0.6,204651.4,0.17194,117.215,3.933333333333333,0.49920000000000003
0.7409148936170211,298732.87234042556,0.7175106382978723,0.35697525382978723,6.085106382978723,0.1406659574468085,-7.674787234042553,0.425531914893617,298636.87234042556,0.10701489361702131,120.47721276595749,3.978723404255319,0.4608297872340426
0.7983333333333335,322448.8333333333,0.7371666666666669,0.6642916666666666,4.416666666666667,0.16913750000000002,-7.7683750000000025,0.6666666666666666,257496.875,0.07380416666666666,122.92666666666662,4.0,0.5782083333333333
0.7246453237410071,234533.92086330935,0.6930158273381289,0.24015462187050357,5.359712230215828,0.2001453237410072,-6.900165467625899,0.5179856115107914,13977.273381294965,0.1386021582733812,119.6794892086331,3.9784172661870505,0.44793884892086344
0.7122592592592591,410491.55555555556,0.7904074074074073,0.7440040740740741,4.777777777777778,0.15112222222222227,-9.345222222222224,0.6666666666666666,377959.037037037,0.07758518518518517,127.64585185185184,3.925925925925926,0.4645592592592591
0.7239130434782609,389297.04347826086,0.7415652173913042,0.6502179217391305,4.739130434782608,0.16356086956521743,-8.984347826086957,0.43478260869565216,372747.8695652174,0.08474782608695654,123.73865217391302,3.9130434782608696,0.359291304347826
0.7326296296296297,233519.92592592593,0.7877407407407406,0.25198195444444454,5.2592592592592595,0.20402962962962967,-6.017851851851852,0.6296296296296297,43272.0,0.12619629629629633,121.70855555555553,4.0,0.4531111111111112
0.7506200000000001,238850.88,0.69202,0.18390628779999996,5.36,0.18957000000000004,-6.9657599999999995,0.5,132995.02,0.126622,116.48122,4.0,0.47540000000000004
0.7900181818181814,244668.85454545455,0.8503090909090906,0.4420427076363638,5.163636363636364,0.1908872727272727,-6.390218181818181,0.8,117689.56363636363,0.08253272727272729,124.59174545454549,4.0,0.6096963636363635
0.7763999999999998,230977.17333333334,0.8436133333333331,0.3555093982666668,4.92,0.18273866666666663,-5.678933333333333,0.7466666666666667,118743.09333333334,0.07408666666666663,124.38014666666665,4.0,0.5408933333333332
0.7756250000000001,263153.0625,0.7016875,0.54744302625,3.9375,0.15223749999999997,-7.111562500000002,0.75,55936.9375,0.08729999999999999,125.83099999999999,4.0,0.4327937499999999
0.7614626865671642,248609.49253731343,0.7723582089552238,0.40317875940298503,4.791044776119403,0.16012686567164183,-7.236,0.6567164179104478,231952.61194029852,0.1055194029850746,122.36708955223882,3.970149253731343,0.4889432835820893
0.7427222222222223,212605.13888888888,0.8158055555555558,0.3617711955555556,5.944444444444445,0.23808611111111114,-5.889750000000002,0.5833333333333334,202066.05555555556,0.10080833333333335,122.69808333333334,4.0,0.46546111111111116
0.7311014492753621,228737.28985507245,0.749971014492754,0.3341601671014494,5.101449275362318,0.16498260869565232,-6.381681159420288,0.6231884057971014,195897.47826086957,0.08931159420289857,124.5026811594203,3.927536231884058,0.5181855072463768
0.7587500000000003,263101.425,0.7578750000000001,0.3375311474999999,5.175,0.20173999999999997,-6.789675,0.5,234257.675,0.09364999999999998,122.56769999999997,4.025,0.4765
0.7831355932203391,210688.7966101695,0.7813220338983052,0.4298555152542373,5.254237288135593,0.17385423728813557,-6.384135593220339,0.6440677966101694,83010.98305084746,0.13010169491525422,119.10337288135595,4.0,0.5040169491525425
0.7074102564102563,212612.89743589744,0.7470769230769235,0.11433276709401712,5.05982905982906,0.20335811965811976,-5.7366666666666655,0.5811965811965812,49392.72649572649,0.1226487179487179,126.23933333333338,3.9914529914529915,0.4884376068376068
0.7102608695652173,220669.73913043478,0.731913043478261,0.06085502369565218,5.369565217391305,0.25653695652173913,-5.4512608695652185,0.5217391304347826,171799.39130434784,0.12994999999999998,119.27265217391304,4.0,0.5112695652173912
0.7088723404255318,194399.06382978722,0.6996595744680852,0.05227705106382979,5.191489361702128,0.18895957446808515,-6.170340425531916,0.6595744680851063,198498.40425531915,0.15834680851063831,128.29617021276593,3.9574468085106385,0.5442148936170214
0.7028666666666668,219577.1888888889,0.7357777777777778,0.05974531222222223,4.766666666666667,0.20681999999999998,-5.560066666666666,0.5777777777777777,221206.55555555556,0.13969666666666666,122.3781111111111,3.988888888888889,0.53163
0.7114186046511627,354869.18604651163,0.8064418604651161,0.6582239830232559,5.511627906976744,0.12631162790697675,-8.05979069767442,0.7209302325581395,344207.0930232558,0.060825581395348834,126.44274418604654,3.86046511627907,0.3292883720930233
0.7063499999999998,227933.925,0.7341749999999999,0.350645784875,5.7375,0.17789500000000005,-6.9020125000000005,0.55,207740.775,0.08982500000000003,122.40252500000001,3.9875,0.5242774999999998
0.7265000000000001,218584.79761904763,0.7331666666666667,0.07924479357142855,4.595238095238095,0.2033821428571429,-5.853845238095239,0.5714285714285714,193234.58333333334,0.13061785714285717,128.27304761904762,4.0,0.5280130952380954
0.7659999999999999,126464.0,0.354,0.0,6.0,0.381,-9.486,1.0,29934.0,0.0543,153.90200000000004,4.0,0.792
0.7230491803278689,267442.59016393445,0.7769344262295085,0.45924314,5.557377049180328,0.192272131147541,-7.614426229508194,0.5737704918032787,245413.31147540984,0.10851639344262298,128.05081967213115,3.9672131147540983,0.4610147540983608
0.7809812499999997,232375.29375,0.6736437499999999,0.22882126206250009,5.8875,0.17317812500000002,-7.50428125,0.5,200476.9125,0.17048625,119.08723124999999,3.9875,0.4978718750000001
0.7282812500000001,238819.59375,0.5868749999999999,0.215207045,4.96875,0.157371875,-7.87621875,0.5,208544.3125,0.16937500000000005,110.00762500000003,3.9375,0.46696875000000004
0.740741935483871,201720.29032258064,0.7147741935483871,0.0954723293548387,5.838709677419355,0.17982580645161292,-5.7352580645161275,0.6774193548387096,173065.96774193548,0.14779032258064517,124.1719677419355,4.0,0.4980322580645161
0.5858823529411765,243487.86274509804,0.6844313725490198,0.04554805529411766,5.764705882352941,0.20176078431372552,-7.339901960784311,0.7254901960784313,178808.78431372548,0.05165686274509802,120.46711764705877,3.9019607843137254,0.5280941176470588
0.6958181818181819,240304.56818181818,0.7228181818181818,0.1553681684090909,4.7727272727272725,0.1906727272727273,-6.8463863636363635,0.5681818181818182,115176.02272727272,0.14455227272727275,115.80702272727271,3.977272727272727,0.5153
0.7169062500000002,216048.09375,0.70515625,0.106819504375,4.9375,0.22436250000000005,-6.377625,0.59375,145336.78125,0.13819375000000003,137.65903125,3.90625,0.572146875
0.7070434782608696,280603.6956521739,0.5956521739130435,0.06458408478260871,7.086956521739131,0.16871739130434785,-8.267999999999999,0.6521739130434783,149840.69565217392,0.23016521739130436,109.4032608695652,4.0,0.5779347826086956
0.6553823529411765,216455.19607843139,0.6515235294117648,0.1090260769607843,4.970588235294118,0.19808529411764705,-7.530382352941177,0.6764705882352942,200025.30392156861,0.10288333333333334,118.10366666666667,3.8529411764705883,0.47689509803921587
0.7759999999999995,209412.46808510637,0.6150425531914894,0.060817276808510644,4.659574468085107,0.19233404255319145,-7.036404255319151,0.7021276595744681,147107.51063829788,0.21727446808510634,120.90934042553191,4.0,0.5381702127659574
0.5969761904761907,214878.33333333334,0.800142857142857,0.012376095000000002,4.357142857142857,0.20339285714285715,-5.326619047619049,0.7619047619047619,207942.09523809524,0.06977142857142857,125.66959523809527,3.9047619047619047,0.5648666666666667
0.6734583333333332,219923.58333333334,0.6375416666666666,0.07529356208333333,5.125,0.21820000000000003,-7.852875,0.375,200094.20833333334,0.15129166666666666,118.23466666666667,4.0,0.5766666666666667
0.7914666666666665,264669.8,0.8248666666666667,0.40119999999999995,6.4,0.20934000000000003,-6.766,0.4666666666666667,192495.8,0.13364666666666664,128.05286666666666,4.0,0.47113333333333335
0.6992,213598.5,0.6507,0.28350257,5.0,0.23474000000000003,-7.3185,0.8,90076.7,0.16337,114.5744,4.0,0.5871999999999999
0.6268,200443.86666666667,0.7622,0.030337638000000004,5.866666666666666,0.2306666666666666,-4.597066666666666,0.3333333333333333,186928.46666666667,0.24744000000000005,101.65766666666669,3.933333333333333,0.6918666666666667
0.6829245283018868,228108.50943396226,0.6057547169811321,0.15274010094339618,5.188679245283019,0.20490754716981133,-8.08075471698113,0.6415094339622641,192842.24528301886,0.18379433962264147,115.56850943396225,3.8867924528301887,0.4661358490566038
0.6983999999999999,252513.58,0.6959463999999999,0.4631369181999998,4.8,0.1757,-8.772899999999998,0.64,210763.24,0.13118,120.30994000000004,3.86,0.4519820000000002
0.7330454545454547,220190.72727272726,0.7820681818181818,0.1570343486363636,5.113636363636363,0.24269318181818186,-5.283977272727272,0.5909090909090909,178225.68181818182,0.11873863636363638,129.23045454545453,3.9318181818181817,0.5229090909090908
0.7345833333333334,201290.94444444444,0.7656511111111111,0.3227757940277779,5.166666666666667,0.15888333333333338,-6.608597222222223,0.6805555555555556,164548.73611111112,0.11490555555555552,122.17630555555554,3.9583333333333335,0.5488333333333332
0.6716923076923078,333220.92307692306,0.6951107692307692,0.8040791846153846,5.0,0.10921538461538462,-10.874307692307694,0.6923076923076923,293779.92307692306,0.10323846153846154,115.58584615384615,3.769230769230769,0.28855384615384616
0.7974444444444444,258139.03703703705,0.7667777777777774,0.24434321370370368,6.407407407407407,0.16873333333333335,-5.701629629629629,0.6666666666666666,182421.66666666666,0.10676666666666668,124.90048148148146,3.962962962962963,0.4589703703703705
0.7170769230769232,188068.6923076923,0.7181538461538461,0.20074207692307694,6.230769230769231,0.12983076923076922,-7.099538461538462,0.7692307692307693,23007.384615384617,0.08626153846153845,124.7026923076923,4.0,0.5309692307692309
0.6152,213191.6,0.6092000000000001,0.09935480000000001,6.4,0.14548,-10.0312,0.6,174547.4,0.061739999999999996,130.9016,3.8,0.5168
0.82625,195792.5,0.7180000000000001,0.0144026,2.5,0.14295,-6.609999999999999,0.5,80196.5,0.196125,108.99375,4.0,0.61825
0.7764848484848488,228504.48484848486,0.7433939393939394,0.2103177512121212,5.7272727272727275,0.18675757575757573,-5.929393939393938,0.48484848484848486,210033.60606060605,0.09835454545454547,120.8061212121212,4.0,0.5380727272727274
0.935,187541.0,0.454,0.0,1.0,0.0824,-7.508999999999999,1.0,51861.0,0.375,133.07299999999998,4.0,0.35700000000000004
0.53,184597.0,0.508,4.58e-05,6.0,0.107,-11.311,1.0,4383.5,0.0593,97.184,4.0,0.355
0.5610000000000002,192228.23684210525,0.7167747368421055,0.027029265789473688,4.973684210526316,0.3250368421052632,-7.851789473684209,0.5789473684210527,175599.2105263158,0.3131105263157895,83.62786842105264,3.8947368421052633,0.5706631578947369
0.65664,215928.44,0.6712176000000001,0.09612595760000002,4.92,0.18891199999999997,-7.234319999999999,0.4,187820.04,0.15284400000000004,115.44359999999999,3.96,0.4818680000000001
0.8690000000000001,275867.0,0.7120000000000001,0.0,9.0,0.272,-6.136,1.0,2693.0,0.103,120.0,4.0,0.435
0.7207333333333334,196352.8,0.6065333333333334,0.07738705800000001,5.533333333333333,0.20582666666666666,-8.450999999999999,0.6666666666666666,78481.26666666666,0.20024,116.59146666666668,4.0,0.6105333333333333
0.6802380952380952,206411.14285714287,0.5950476190476189,0.1120788280952381,6.190476190476191,0.17333333333333334,-8.126,0.42857142857142855,183893.80952380953,0.15059047619047622,118.70209523809524,4.0476190476190474,0.5106666666666667
0.4536666666666667,194821.0,0.7060000000000001,0.32824703666666666,4.666666666666667,0.217,-6.344666666666666,0.6666666666666666,78740.0,0.038,99.94533333333334,4.0,0.3575
0.7367142857142858,315051.71428571426,0.7712857142857142,0.4200257142857143,6.285714285714286,0.17728571428571427,-7.256857142857142,0.5714285714285714,245868.42857142858,0.11892857142857143,122.889,4.0,0.4867142857142857
0.5880000000000001,194962.0,0.7264999999999999,0.0001935,8.5,0.17200000000000001,-4.68,0.5,57301.0,0.215,123.2275,4.0,0.49750000000000005
0.6621428571428571,280084.4285714286,0.7249733333333334,0.41463781571428565,5.428571428571429,0.16926666666666665,-8.167666666666666,0.38095238095238093,205193.57142857142,0.10377619047619048,127.19866666666664,3.9523809523809526,0.4238095238095238
0.7606774193548388,239436.61290322582,0.7400967741935485,0.06664180129032259,5.370967741935484,0.18276935483870976,-6.058370967741935,0.5161290322580645,206753.5483870968,0.1046096774193549,129.01170967741936,4.032258064516129,0.719709677419355
0.7980909090909091,239635.81818181818,0.7920909090909092,0.28797727272727275,5.363636363636363,0.16552727272727272,-6.078818181818182,0.7272727272727273,121877.09090909091,0.13016363636363637,125.09227272727274,4.0,0.4972727272727273
0.45623928571428574,172458.32142857142,0.65423,0.27844009000000003,5.535714285714286,0.20204642857142854,-7.61782142857143,1.0,87040.32142857143,0.09011428571428573,135.73110714285716,3.7857142857142856,0.5661071428571428
0.6527352941176471,208122.5294117647,0.7324117647058824,0.24166866867647058,4.117647058823529,0.19818970588235296,-6.750647058823531,0.6470588235294118,137381.17647058822,0.12213382352941181,115.92558823529411,3.8823529411764706,0.5079676470588236
0.7346666666666666,208732.0,0.8126666666666665,2.3333333333333332e-05,6.666666666666667,0.164,-4.876,0.6666666666666666,168510.33333333334,0.16406666666666667,127.34966666666666,4.0,0.4546666666666666
0.6257653061224492,254599.07142857142,0.5614439795918367,0.4537253572448978,5.1938775510204085,0.19511836734693885,-10.682142857142853,0.4489795918367347,244220.1326530612,0.1190316326530612,117.72046938775512,4.010204081632653,0.42451632653061233
0.7591,175720.3,0.6121999999999999,0.251500302,3.4,0.15917,-7.868599999999999,0.7,133842.6,0.24442,129.7951,4.0,0.7066999999999999
0.7748999999999999,182285.7,0.6135,0.09445968,4.7,0.21292,-6.293699999999999,0.9,128879.6,0.22455000000000003,116.60030000000002,3.9,0.5422999999999999
0.6849,193056.1,0.8496,0.29837798699999996,6.0,0.30493999999999993,-4.6526,0.4,129944.6,0.07583,131.3331,4.0,0.45324
0.5786,223716.6,0.7390000000000001,0.13763036,1.8,0.23608,-5.4696,0.8,223716.2,0.09586,117.4176,4.0,0.43900000000000006
0.670769230769231,221995.53846153847,0.6168461538461537,0.16955134076923073,6.076923076923077,0.17118846153846154,-8.063884615384616,0.6153846153846154,202066.26923076922,0.11033461538461539,114.98953846153846,3.9615384615384617,0.5674230769230769
0.6827058823529413,184749.23529411765,0.47047058823529414,0.1890845764705882,5.176470588235294,0.12513529411764704,-9.122411764705882,0.7647058823529411,97840.76470588235,0.09390000000000001,133.3042352941177,3.8823529411764706,0.47905882352941176
0.7169999999999999,227571.7142857143,0.7786428571428573,0.14704993428571428,5.928571428571429,0.2262,-6.745142857142855,0.5714285714285714,139734.7857142857,0.09999285714285717,128.39614285714285,4.0,0.5782857142857143
0.6834000000000001,240691.46666666667,0.7026,0.209694816,4.933333333333334,0.20953333333333332,-6.308800000000001,0.7333333333333333,144564.66666666666,0.07947333333333333,131.893,4.0,0.45426666666666665
0.6390588235294117,154142.88235294117,0.7556470588235293,0.03948960588235295,2.764705882352941,0.22586470588235294,-5.916352941176472,0.5294117647058824,106938.35294117648,0.13378823529411765,121.95064705882353,4.0588235294117645,0.712235294117647
0.6673333333333332,143306.33333333334,0.5076666666666667,0.1093486,4.666666666666667,0.12269999999999999,-6.795999999999999,0.6666666666666666,105356.33333333333,0.05740000000000001,96.969,4.333333333333333,0.5166666666666667
0.6901666666666667,185904.66666666666,0.6523333333333333,0.018008664999999997,6.5,0.23706666666666668,-7.365666666666667,0.5,125987.5,0.2920833333333333,119.16433333333335,4.166666666666667,0.5801666666666666
0.68475,216805.125,0.6667500000000001,0.1015941,4.875,0.192525,-7.109624999999999,0.75,122606.875,0.13502499999999998,114.5345,4.0,0.40349999999999997
0.782,247429.6,0.643,0.18950896,7.4,0.24294000000000002,-7.5859999999999985,0.6,235153.2,0.14094,117.691,4.0,0.4082
0.7362500000000001,207996.25,0.60825,0.0179635,2.5,0.11794999999999999,-6.458,1.0,126136.5,0.22307500000000002,131.30775,4.0,0.47785000000000005
0.7196551724137934,214209.75862068965,0.6296896551724136,0.2317203610344828,5.482758620689655,0.17223448275862072,-8.435310344827585,0.6551724137931034,189658.89655172414,0.16042758620689657,119.22755172413794,3.9655172413793105,0.4141241379310346
0.7313333333333333,169218.33333333334,0.9348333333333332,0.2666888333333333,3.5,0.2664,-3.615166666666667,0.8333333333333334,35686.833333333336,0.11055000000000004,127.36816666666668,4.0,0.4186666666666667
0.794,156498.0,0.7559999999999999,0.0,5.0,0.247,-7.16,0.0,17194.0,0.136,123.066,4.0,0.775
0.72725,225186.5,0.9125000000000001,0.64975,5.5,0.22774999999999998,-5.76375,0.75,150073.0,0.043800000000000006,125.01400000000001,4.0,0.534
0.801875,205286.5,0.696,0.1297125,5.375,0.173175,-6.085375000000001,0.5,158472.25,0.2245,132.67737499999998,4.0,0.513
0.7763673469387755,197592.81632653062,0.8067142857142856,0.4223399146938777,5.36734693877551,0.19707346938775508,-5.239571428571427,0.7142857142857143,20898.632653061224,0.12678367346938774,126.55734693877548,4.0,0.45698979591836747
0.7590967741935482,217671.4516129032,0.8362580645161293,0.2760683361290323,6.612903225806452,0.2023225806451613,-4.994258064516129,0.7419354838709677,189670.64516129033,0.09198387096774194,129.077935483871,4.0,0.4773290322580646
0.602,175333.0,0.999,0.617,6.0,0.341,-5.2360000000000015,1.0,46754.0,0.0956,164.822,4.0,0.789
0.7626111111111112,212666.66666666666,0.6152222222222222,0.09284329555555555,5.222222222222222,0.25203888888888887,-7.553000000000001,0.5555555555555556,99585.22222222222,0.2044611111111111,109.83722222222222,3.9444444444444446,0.45503333333333323
0.7352666666666666,203758.13333333333,0.6330000000000001,0.06956205333333335,3.933333333333333,0.2306,-6.962533333333332,0.6666666666666666,114163.4,0.2148666666666667,118.79313333333333,4.0,0.5555333333333333
0.7671111111111112,229795.33333333334,0.7376111111111111,0.16665055055555558,6.166666666666667,0.16049444444444447,-5.551277777777778,0.6111111111111112,184925.5,0.13478333333333334,118.80644444444442,4.055555555555555,0.5712777777777779
0.7434000000000001,203363.8,0.7766,0.13154156,4.8,0.14107999999999998,-5.0368,0.4,129609.2,0.052739999999999995,105.5246,4.0,0.5866
0.759,137560.0,0.624,0.0,8.0,0.389,-3.747,1.0,130730.0,0.198,133.957,4.0,0.318
0.6335000000000001,156366.66666666666,0.3447250000000001,0.6894166666666668,4.416666666666667,0.13909166666666664,-14.74433333333333,0.75,12506.25,0.10795833333333334,101.44208333333336,3.9166666666666665,0.30365833333333336
0.6794285714285714,127569.42857142857,0.6235714285714286,0.00036414285714285715,6.428571428571429,0.3096285714285715,-7.264857142857143,0.7142857142857143,105870.14285714286,0.21285714285714286,135.47542857142858,4.0,0.6842857142857144
0.6977111111111108,193151.97777777776,0.62652,0.07475017111111111,4.955555555555556,0.21420666666666663,-7.230377777777777,0.6222222222222222,121802.22222222222,0.17039555555555558,124.6002,3.911111111111111,0.5131933333333333
0.749093023255814,209705.83720930232,0.7280930232558137,0.13602714883720934,5.372093023255814,0.20216744186046506,-6.0606511627906965,0.5116279069767442,193042.86046511628,0.19849999999999998,128.3207906976744,4.0,0.5528046511627907
0.6647272727272727,208897.0909090909,0.5335454545454545,0.28714154454545454,4.909090909090909,0.2069,-6.98309090909091,0.45454545454545453,133551.63636363635,0.2135727272727273,127.27681818181819,4.090909090909091,0.2684545454545454
0.7087500000000001,254681.78125,0.667584375,0.37967438125,5.40625,0.20546562500000007,-8.349406250000001,0.625,212029.71875,0.16167499999999999,131.00837500000003,4.0,0.44336250000000005
0.6648955223880596,257442.92537313432,0.657641791044776,0.3570556759701494,4.925373134328358,0.19000149253731352,-8.414313432835819,0.746268656716418,230012.776119403,0.08226716417910446,124.23376119402982,3.985074626865672,0.5350194029850747
0.5984285714285713,249251.14285714287,0.7534285714285714,0.5438,4.285714285714286,0.18167142857142854,-4.283571428571428,0.42857142857142855,103475.0,0.0643,127.54757142857143,4.0,0.15875714285714285
0.5278333333333334,178960.5,0.8413333333333334,0.10639533333333334,4.0,0.2715166666666667,-6.210166666666667,0.5,34564.833333333336,0.17071666666666666,146.2395,4.0,0.5916666666666667
0.399,140183.0,0.754,0.0,5.0,0.742,-5.283,0.0,4196.0,0.374,130.475,4.0,0.36
0.7103846153846154,382854.1538461539,0.8005,0.7531538461538463,4.846153846153846,0.15169615384615384,-8.77173076923077,0.6538461538461539,376852.3461538461,0.09520384615384617,127.61826923076926,4.0,0.3205115384615385
0.579,218585.75,0.65,0.0002299775,4.125,0.2926,-8.004,0.625,166077.75,0.32315000000000005,113.9145,3.5,0.42102500000000004
0.7211304347826087,204780.47826086957,0.7120543478260868,0.07137817663043479,4.5,0.21556086956521733,-5.801184782608696,0.5869565217391305,174784.72826086957,0.13765978260869563,120.85835869565214,3.989130434782609,0.5059380434782607
0.7045,196855.0,0.8315,0.0002789,4.0,0.28350000000000003,-4.631,0.0,62231.5,0.0821,103.969,4.0,0.748
0.5389333333333334,214897.26666666666,0.6175466666666669,0.15583393266666665,5.1,0.22728333333333334,-8.4933,0.6666666666666666,191486.0,0.11779333333333335,115.67639999999999,3.8333333333333335,0.35068333333333335
0.567375,250438.08333333334,0.6258750000000001,0.2058043333333334,5.708333333333333,0.2205625,-8.826875,0.6666666666666666,247430.04166666666,0.09747083333333333,124.43058333333333,3.7083333333333335,0.4428208333333334
0.674375,216060.0625,0.7249687499999999,0.2352456978125,4.28125,0.181515625,-5.960093749999999,0.375,112223.15625,0.10870624999999998,128.0451875,4.0,0.38593125000000006
0.601,249333.8,0.7442,0.1859344,8.0,0.17431999999999997,-4.5268,0.8,206618.0,0.15224,107.3866,4.0,0.33723999999999993
0.5955,228124.75,0.6895,0.34525064499999997,6.75,0.14275,-5.66875,0.75,35579.75,0.177775,118.72375,3.75,0.41855
0.6262916666666666,264789.25,0.6561666666666667,0.2823095583333334,5.791666666666667,0.2111208333333333,-8.753916666666667,0.5,251982.0,0.13086666666666666,111.86170833333335,3.8333333333333335,0.5042625
0.6706,233451.7142857143,0.675542857142857,0.07882550457142858,4.171428571428572,0.16756000000000004,-6.97417142857143,0.5428571428571428,196178.6857142857,0.1252742857142857,124.24768571428574,3.914285714285714,0.5113171428571429
0.6112,229123.9,0.534,0.356486902,5.1,0.24699999999999997,-8.6129,0.8,92408.3,0.07204999999999999,109.65749999999998,4.0,0.48180000000000006
0.7436774193548387,234072.35483870967,0.863548387096774,0.5650764793548388,5.225806451612903,0.20268387096774193,-5.955935483870968,0.6774193548387096,217675.83870967742,0.07711935483870967,123.94029032258067,4.0,0.5758064516129032
0.6426774193548388,194778.4516129032,0.6170645161290323,0.032032190645161294,5.387096774193548,0.1604290322580645,-7.324387096774195,0.7096774193548387,79054.93548387097,0.13233548387096775,124.27909677419356,3.967741935483871,0.5027709677419354
0.6732181818181818,217083.03636363638,0.6906,0.12112647454545455,5.254545454545455,0.20137272727272723,-6.338290909090909,0.6,178779.56363636363,0.12479272727272729,124.31596363636363,3.9454545454545453,0.4498963636363636
0.7218749999999999,365550.5,0.73325,0.8261249999999999,6.25,0.1483,-9.696125,0.375,338254.625,0.055325,125.67387500000001,3.875,0.24478750000000002
0.5867663551401868,248709.6448598131,0.6532775700934577,0.25318712317757003,5.654205607476635,0.21448598130841126,-8.510121495327105,0.616822429906542,230555.32710280374,0.11484205607476636,119.37285981308413,3.9345794392523366,0.42778224299065415
0.5255520000000001,202652.592,0.8202320000000001,0.019843982639999997,4.624,0.21353039999999998,-4.953944000000002,0.704,183443.008,0.10172559999999997,135.80960800000005,3.984,0.5191087999999999
0.889,150622.0,0.324,0.0,5.0,0.09,-7.55,0.0,31000.0,0.0468,110.041,4.0,0.5770000000000001
0.6777272727272727,162805.18181818182,0.6323636363636363,0.23437768181818183,7.2727272727272725,0.2436454545454545,-6.813818181818181,0.6363636363636364,31578.0,0.18073636363636364,115.63036363636365,4.181818181818182,0.5180909090909093
0.6231111111111111,204924.33333333334,0.6477777777777778,0.3369254611111111,3.888888888888889,0.19344444444444442,-8.361555555555556,0.6666666666666666,98422.0,0.06834444444444443,117.48433333333332,3.888888888888889,0.4174555555555555
0.5870000000000001,158241.0,0.66,6.92e-05,8.0,0.1,-9.177,0.0,901.0,0.098,114.029,4.0,0.552
0.48175,252966.75,0.56475,0.17681175000000002,2.5,0.1825,-8.87375,0.75,227630.0,0.050575,112.62375,4.0,0.17659999999999998
0.6051428571428571,213186.07142857142,0.6838571428571428,0.0955802142857143,5.928571428571429,0.21133571428571427,-7.939785714285714,0.7857142857142857,197128.2857142857,0.2542714285714286,127.06521428571428,4.0,0.4893571428571429
0.7045774647887326,240002.37323943662,0.7565779690140844,0.38982129225352125,5.542253521126761,0.1894302816901408,-7.16375352112676,0.6408450704225352,237906.85211267605,0.09312323943661972,121.5064647887324,3.9577464788732395,0.5004577464788731
0.765375,248776.25,0.63175,0.09408850625000001,6.75,0.19975,-8.035625,0.625,238541.5,0.18513749999999998,123.57825,4.0,0.44875000000000004
